matchday,player,pass_acc,prog_passes,xT_gen
1,M. Rashford,80.48685661204493,2.017041419297289,0.35438442690503463
1,A. Garnacho,82.1921194256321,1.6595079751659985,0.39079315215254096
1,T. Højlund,91.41685126202955,3.960460837491745,0.1835262807032524
1,A. Diallo,85.37024017434386,2.2219493843125226,0.2987135123214872
1,J. Zirkzee,82.46784908626414,1.652031853205321,0.08625410837434834
1,Antony,77.75084988303611,0.8923013277993458,0.15371236662976367
1,B. Fernandes,86.76790369791516,4.252617779198824,0.5562824384460776
1,C. Eriksen,92.29689479805386,4.840516922812754,0.28526259068932713
1,K. Mainoo,85.52246910189928,4.066553553825919,0.21845032112888482
1,M. Ugarte,92.60279207338269,3.039616786048717,0.07741531251033616
1,Casemiro,86.09317355108242,4.311366910705363,0.1258251387631033
1,L. Martinez,91.16915628417641,6.9935269472619135,0.11145781750144887
1,D. Dalot,86.93545438001901,3.024197925672135,0.18659069755507846
1,M. de Ligt,93.7874449434765,4.243079947997246,0.06606841405949852
1,N. Mazraoui,88.03740687044704,3.7193377826464267,0.13307390048162862
1,H. Maguire,84.32062316642117,2.8236167374241274,0.0988561113109458
1,L. Shaw,90.47447315827384,3.0421759067823593,0.24620419846973973
1,J. Evans,82.95967087833473,2.0938467998164247,0.053583814442043395
1,A. Onana,78.5239980899838,5.058768071469719,0.0
1,M. Rashford,71.26315049659515,2.2987580588421386,0.283977256356118
1,A. Garnacho,70.0,1.6886046140017097,0.22468325129969857
1,T. Højlund,75.31517350367731,3.987515493436519,0.22621200142854114
1,A. Diallo,77.91195951367867,3.1021197387352144,0.26448180125238174
1,J. Zirkzee,72.91952098157951,3.016837363305048,0.20290182832329845
1,Antony,72.85669584356019,2.4387861934884034,0.0
1,B. Fernandes,89.6876100175009,5.152228240942902,0.3714496324767066
1,C. Eriksen,87.56704310614201,3.6074586512394644,0.24941640560812436
1,K. Mainoo,86.62845028604698,4.88673642684491,0.2092864890863176
1,M. Ugarte,84.36602558842725,3.098945773849278,0.12097010588510371
1,Casemiro,81.81500443863874,2.882143877739777,0.1092633716556678
1,L. Martinez,92.78831019739216,7.081186994319734,0.10889734530613238
1,D. Dalot,81.28935141360893,3.9647351081207054,0.13362425259339406
1,M. de Ligt,89.68448110825831,3.9566331633079335,0.04525567283212304
1,N. Mazraoui,83.56165146649941,3.0507775547697515,0.14456773386173205
1,H. Maguire,78.82914193389293,2.6186336384670286,0.023935714416699543
1,L. Shaw,86.71620342725815,5.231711540726318,0.19272889064159193
1,J. Evans,77.53020156289105,2.4553324505402996,0.0
1,A. Onana,70.0,4.536138125964616,0.14036210562426432
2,M. Rashford,77.7305561408755,2.2809284054001675,0.32026441151473783
2,A. Garnacho,71.42528784952187,2.4856936887090124,0.4400966516343387
2,T. Højlund,88.26412778817217,2.9543675271231566,0.27713971554680494
2,A. Diallo,77.59259574883087,2.8521142562801622,0.4315227812904989
2,J. Zirkzee,77.53785469947725,2.460221362238337,0.17748256825438205
2,Antony,77.98609738353521,0.5696019413603204,0.14142814874030135
2,B. Fernandes,86.15078514509558,5.384155458381109,0.43702878828830977
2,C. Eriksen,98.0,4.330048024598257,0.34039692418971623
2,K. Mainoo,90.95406886947868,3.261481410139627,0.28737299673020644
2,M. Ugarte,96.3285710171297,2.4355100592632635,0.10123169292661521
2,Casemiro,89.53953117699369,3.6690937230663865,0.0646524644560959
2,L. Martinez,90.1181735476629,6.813164939370139,0.1873492336616593
2,D. Dalot,87.1019714013835,4.407868925698185,0.21899876392107545
2,M. de Ligt,93.92901478864401,3.9758434839792085,0.021782429098681604
2,N. Mazraoui,95.96309804457903,4.184299752547073,0.14743482513986755
2,H. Maguire,89.82621443453532,2.5151909978636073,0.0853542301871226
2,L. Shaw,93.73438231602961,3.6075906089889735,0.2781688064622161
2,J. Evans,86.151123707746,2.993236095996694,0.11783964913269737
2,A. Onana,73.41844753598852,4.047758301385507,0.0
2,M. Rashford,70.0,2.0537389743515377,0.2522575987408322
2,A. Garnacho,70.20676319732007,2.296309949421614,0.28065009459389534
2,T. Højlund,85.91413630862927,3.3412059000572265,0.2944084583294809
2,A. Diallo,80.70266939106003,1.9857054661502305,0.1928553750969444
2,J. Zirkzee,77.42988966097275,2.665922328804489,0.1617000247046046
2,Antony,74.89295049829418,1.4563026524058764,0.05366031409657975
2,B. Fernandes,80.34061110125654,4.832091028759787,0.42921993971617356
2,C. Eriksen,88.05637497652081,4.052556732772807,0.26905904629255906
2,K. Mainoo,86.74126951891535,3.4696855382793204,0.2428862552972764
2,M. Ugarte,87.832834873784,2.714217821301626,0.09308936801741417
2,Casemiro,82.74313810547294,3.8498307459051664,0.13629010260174515
2,L. Martinez,86.88932252817165,5.937304976050926,0.169751763360433
2,D. Dalot,84.65514380364883,4.509028611783629,0.39943657453273607
2,M. de Ligt,90.78356204277267,4.4813393841083595,0.09270008817466012
2,N. Mazraoui,87.1055650052232,3.7108384532157928,0.20354846102466337
2,H. Maguire,77.10869914184971,2.957908835955995,0.007731822608544825
2,L. Shaw,85.42749655754528,5.488795140004105,0.09063674037041258
2,J. Evans,79.24504076149806,1.532370477286209,0.0
2,A. Onana,73.25580238786947,4.5385680114572775,0.0
3,M. Rashford,75.63878516296013,2.5077586493608055,0.2854816684141432
3,A. Garnacho,76.9658343583279,1.8273431039422883,0.3699199826197091
3,T. Højlund,93.6757763573013,3.8803514133908066,0.10574287066711963
3,A. Diallo,83.94581725907771,2.102928121138967,0.3646216667398112
3,J. Zirkzee,78.3299170462692,2.7311581351198604,0.19774936394902284
3,Antony,83.46302077668048,0.7798221557665342,0.12127493820795257
3,B. Fernandes,88.50021875535619,4.708002460455773,0.5712727120140548
3,C. Eriksen,94.81992684384383,4.043469627398973,0.40239309735273876
3,K. Mainoo,96.18862478805053,4.619479156330688,0.20003150170229927
3,M. Ugarte,89.16306370853499,4.160146689511974,0.05661652671906096
3,Casemiro,90.27527771258491,3.664780432057602,0.08015347642109585
3,L. Martinez,95.1618985757528,4.5552395959585565,0.12128061793328548
3,D. Dalot,85.08972739442736,3.4513300908210907,0.3346205651965818
3,M. de Ligt,87.27943448815746,3.5359733079818096,0.06403702886430457
3,N. Mazraoui,94.26509315626446,3.038482709292336,0.26515818760774795
3,H. Maguire,87.24093224407835,2.5110948093712295,0.06910517371316353
3,L. Shaw,89.89623878229388,3.739869873704723,0.23349010424950092
3,J. Evans,82.95874561255296,2.568110407150749,0.056106533726052336
3,A. Onana,80.74406726458142,3.757310700703891,0.12965166873281334
3,M. Rashford,70.0,2.00892894297865,0.26461586032422885
3,A. Garnacho,70.22396747094012,1.4263802881076437,0.2695938874821362
3,T. Højlund,78.12799626136466,3.146381145833473,0.20088010485105123
3,A. Diallo,79.62806194386019,2.0842542428436075,0.29137999377166257
3,J. Zirkzee,76.72919808350643,3.287717271303376,0.15748144209618062
3,Antony,70.0,1.1638913758818183,0.1333646802561631
3,B. Fernandes,88.84148106173386,5.087459043621511,0.39226636916543905
3,C. Eriksen,92.31065958315371,4.4450571666985015,0.28775486905850184
3,K. Mainoo,84.39122939026443,3.869391278063668,0.2901388425993595
3,M. Ugarte,90.90166539595211,3.888105781600383,0.14047394035771646
3,Casemiro,80.58401536653103,3.6091717827769787,0.06808666217032719
3,L. Martinez,93.69666540995378,6.42191416737939,0.1488497982496359
3,D. Dalot,84.98062810174766,3.7090675900599166,0.311419363784273
3,M. de Ligt,84.47593047400119,3.0714868323273605,0.10290554367500339
3,N. Mazraoui,87.66665077585175,4.274471890231293,0.197017275463214
3,H. Maguire,80.15101290861234,2.561647377108501,0.03579022790968632
3,L. Shaw,82.39135315395154,4.68507184005065,0.17664713092489306
3,J. Evans,73.19801121282995,2.307168495008204,0.03584657271378122
3,A. Onana,70.0,4.0066677626601415,0.029384360574595616
4,M. Rashford,79.47986628443489,1.7958340947773221,0.29844808471908385
4,A. Garnacho,77.02819974943054,0.9311493951016055,0.3321268112811722
4,T. Højlund,82.22622311499025,3.3719317089728915,0.22254537827990023
4,A. Diallo,89.10142486779822,3.0145957739212115,0.31400307350182866
4,J. Zirkzee,81.42393516838925,2.1984823812173144,0.17157434320038048
4,Antony,78.84536544431944,1.6936311362028538,0.09663845282238384
4,B. Fernandes,92.47738605696469,6.019643347801546,0.47756199257715704
4,C. Eriksen,94.80684688839577,5.214086395026667,0.3364389764057082
4,K. Mainoo,88.59636992724167,4.007555440469077,0.2808838049274415
4,M. Ugarte,88.00796086457812,3.4147061045553655,0.11689991456227249
4,Casemiro,94.30457443118017,3.7755624956511245,0.23415912287557783
4,L. Martinez,92.33060974844781,7.023392382032407,0.18166710028691757
4,D. Dalot,94.85921173287068,3.7150210287869094,0.2110139078909612
4,M. de Ligt,90.6024294182239,2.525662565414116,0.031212248915961943
4,N. Mazraoui,85.46346935378521,3.9902362718857245,0.22408779878885796
4,H. Maguire,94.70468335686354,3.6702543029116304,0.017154817216879843
4,L. Shaw,85.50634131460656,4.395151502903903,0.16398833964896786
4,J. Evans,91.82583506341741,3.207664072432772,0.0
4,A. Onana,70.0,5.312323424499247,0.017273007737369103
4,M. Rashford,77.45126524789384,1.14334340472338,0.20523124885231137
4,A. Garnacho,70.0,1.8281883562588452,0.25749672642603777
4,T. Højlund,82.59139972938999,2.8594277423704435,0.15128102574893532
4,A. Diallo,78.68118252684759,2.8086633004352493,0.2819807439044445
4,J. Zirkzee,71.00143163264852,1.8795314975586264,0.18988384109492545
4,Antony,74.32925604791836,1.0509080780660678,0.17355759877612614
4,B. Fernandes,86.86269853717144,5.807578310438296,0.38977592407050543
4,C. Eriksen,95.44299169952795,5.853204505465922,0.2479517925760463
4,K. Mainoo,89.08628380381742,4.387225569751089,0.30363157787661743
4,M. Ugarte,83.74030615767958,3.8116308759990636,0.1281212243424794
4,Casemiro,73.46504205430755,2.490044892400535,0.0
4,L. Martinez,91.32237266222178,6.930525353477577,0.2191178526048014
4,D. Dalot,82.89637912167909,5.177169327342775,0.1377949270892554
4,M. de Ligt,81.68647024257938,3.7666713806620287,0.06420327244696536
4,N. Mazraoui,84.36922100762362,2.659534739976074,0.16114399802436058
4,H. Maguire,74.98212199798058,3.501803529298023,0.05032991230484242
4,L. Shaw,81.34048085469057,3.7916798495979833,0.13103932390555242
4,J. Evans,76.24928361090731,3.073085392300743,0.0
4,A. Onana,70.91618606207139,4.181845428976535,0.0
5,M. Rashford,78.07187856018177,1.4788546065483756,0.2943175347326409
5,A. Garnacho,71.3084884296446,2.9788350797498335,0.4042631775985864
5,T. Højlund,82.30109796802965,3.628387946440533,0.2013835975154585
5,A. Diallo,82.31612160186711,2.868500020026055,0.35987538550236525
5,J. Zirkzee,79.37799540955788,2.4545090556131917,0.15874741514241777
5,Antony,70.79231534105766,0.5908853626808687,0.20634371337222623
5,B. Fernandes,96.97987085400514,4.950578376266173,0.5118278481527883
5,C. Eriksen,94.44500061817415,6.6473284850731424,0.4124787455717288
5,K. Mainoo,87.18832963407694,3.4266757356397446,0.19567768398712132
5,M. Ugarte,91.91385454346889,2.9461895528294177,0.020887314520116287
5,Casemiro,85.91370846302989,2.551071197831363,0.21085708175362824
5,L. Martinez,98.0,6.49521641521003,0.24649720694450128
5,D. Dalot,86.40947323059046,3.683229479203042,0.3291562038634829
5,M. de Ligt,95.15564017473864,3.177652307404126,0.047983066095819586
5,N. Mazraoui,84.99752698646097,3.070320161421398,0.25330887737658203
5,H. Maguire,94.83766656188052,2.2608594557085153,0.07414846183452854
5,L. Shaw,86.49742972351268,3.8077247697411822,0.20038030378805652
5,J. Evans,81.04403692128074,2.5291129767668963,0.0
5,A. Onana,75.48182730311936,4.469857134330518,0.011052597656679512
5,M. Rashford,70.0,1.7539372016590005,0.2729695612912878
5,A. Garnacho,71.10366875049752,1.2134668531208694,0.2849666152714613
5,T. Højlund,83.10554849348715,2.498356831327177,0.18556800961899675
5,A. Diallo,75.54950496421661,2.8423592011558956,0.20823704217287417
5,J. Zirkzee,70.0,1.8234745372701022,0.1284042473330691
5,Antony,74.03889000688592,0.9574100249373548,0.1279296229388687
5,B. Fernandes,79.75391975092417,5.06035212081161,0.3258491900118771
5,C. Eriksen,84.59265556879137,4.828439202789848,0.21737933173580234
5,K. Mainoo,83.6617778230807,4.603775685528665,0.20635540652384254
5,M. Ugarte,90.94276844826057,2.722175887205429,0.10169020889576415
5,Casemiro,86.2662744826316,1.7170132999236267,0.04375523722647615
5,L. Martinez,94.70828850872216,6.378172768374204,0.16255729366856542
5,D. Dalot,80.18405925313671,4.25195387248374,0.19901613823039602
5,M. de Ligt,93.17112824663923,3.9526525059807276,0.06188013310376011
5,N. Mazraoui,82.85249213551013,3.6074362655565038,0.14397209060901894
5,H. Maguire,81.77780856951318,2.8474093115078425,0.046488742844820644
5,L. Shaw,93.40160319458175,4.622674822059015,0.16769882339160794
5,J. Evans,81.30485568865578,2.2551547761870694,0.0
5,A. Onana,70.0,3.3775248473844863,0.0
6,M. Rashford,78.5736735167582,3.1058623873651694,0.33834636868820817
6,A. Garnacho,75.22359788476454,2.2976433487100936,0.2919432345496057
6,T. Højlund,86.04245823243426,3.9625191163321802,0.1330706877110079
6,A. Diallo,87.77501617282772,2.7030978444966482,0.30123560430495994
6,J. Zirkzee,84.03112746442514,4.162415714682638,0.18159331275292476
6,Antony,80.99288234520134,1.2243834602758534,0.0955077815267604
6,B. Fernandes,93.72134326617699,4.58634970445468,0.48657831186096956
6,C. Eriksen,91.28937021293953,5.087387895447835,0.3731831052643474
6,K. Mainoo,91.85015977703159,3.693990160687152,0.2625062532353314
6,M. Ugarte,87.18494513687077,3.133424043954333,0.11086502465224261
6,Casemiro,91.5279544665814,2.646700805493425,0.16998029600528303
6,L. Martinez,98.0,6.74806094193422,0.2663397906279033
6,D. Dalot,83.00484320358571,3.45320717801315,0.16406398755478607
6,M. de Ligt,98.0,4.192619393812435,0.054720766454477245
6,N. Mazraoui,89.61987450527928,3.224706571620974,0.3292875989808413
6,H. Maguire,87.71688472790092,3.1656368767629357,0.08228833119493459
6,L. Shaw,91.02403692694685,4.234330414567478,0.1904762772277344
6,J. Evans,86.38587342854399,3.62921469788502,0.0902710023077489
6,A. Onana,80.7727465065576,4.193270594141289,0.0
6,M. Rashford,71.9968523196014,2.133434947373217,0.28990957592354744
6,A. Garnacho,70.0,2.717730191676368,0.2720996050710505
6,T. Højlund,78.39247572021031,2.8927373748438994,0.07565716640671151
6,A. Diallo,81.49268233584766,2.543990780313042,0.18190195501294731
6,J. Zirkzee,70.31968491174554,2.5985291804259227,0.20945107626446965
6,Antony,71.96163459454559,0.5981142281291363,0.08371284679570279
6,B. Fernandes,85.30910572100932,3.4818680142350567,0.38368525667410935
6,C. Eriksen,86.27626187916529,5.217723818888051,0.35284780474726724
6,K. Mainoo,89.70626011819104,3.8386667856671015,0.17987370456291646
6,M. Ugarte,97.89343921299944,3.435531060408693,0.07589646459564732
6,Casemiro,80.40349965155998,3.3188508564607133,0.07638197940380287
6,L. Martinez,90.10535197247906,6.171884635255765,0.14236233648920008
6,D. Dalot,80.42630091546494,3.7722925303937016,0.2121215113845948
6,M. de Ligt,87.48009113031658,4.702395793149613,0.0
6,N. Mazraoui,88.86602740768984,4.647651115498578,0.061930488379592516
6,H. Maguire,78.8292496236786,2.8771354804025253,0.0
6,L. Shaw,81.9887332496365,3.4336544927205024,0.2716135221711811
6,J. Evans,80.24271357258985,3.2629330569964954,0.05128360320216176
6,A. Onana,70.0,4.185287840232136,0.041668728061395904
7,M. Rashford,73.61148876443222,2.527799058103433,0.30998373009209323
7,A. Garnacho,74.60071676980161,2.226575980922095,0.42471316557430194
7,T. Højlund,83.65613533672368,4.195597882018549,0.1529468336200051
7,A. Diallo,85.66374242777705,2.8558607547810304,0.3065226780343005
7,J. Zirkzee,82.80453208896847,2.049331854168818,0.21870135096034504
7,Antony,79.26039145422804,1.1863661876885763,0.19045046129184445
7,B. Fernandes,87.58262523782896,4.254923222181864,0.40516854132380475
7,C. Eriksen,95.62403980538257,4.03174238850223,0.4442397090992182
7,K. Mainoo,79.37228236846511,5.017873820974023,0.2865508733601309
7,M. Ugarte,90.71314755251842,3.07304854791463,0.11195680571760354
7,Casemiro,88.3494611903006,3.861981129209913,0.132211382433102
7,L. Martinez,96.00120704584752,6.281832672671687,0.1696527188139466
7,D. Dalot,87.33120707556823,3.1738989644060247,0.18559072889471434
7,M. de Ligt,95.97305637609087,3.902519262876765,0.04830083318236604
7,N. Mazraoui,88.57373573226157,4.1085490232170025,0.18001201598453193
7,H. Maguire,84.08678109839076,3.217507153058609,0.0
7,L. Shaw,90.73301102285788,3.0784498374572955,0.2814577818662822
7,J. Evans,86.39038992965217,2.6536178405883253,0.07213454919727569
7,A. Onana,81.0618977778503,5.1086220390108785,0.0
7,M. Rashford,70.0,1.7251088533825927,0.2365045525105417
7,A. Garnacho,71.17063608187648,1.3645537121079208,0.2893383382238539
7,T. Højlund,77.07846827058671,3.133089318204831,0.08806694515758887
7,A. Diallo,74.50706701555639,1.6889892366301997,0.19760633735113337
7,J. Zirkzee,79.71456718643135,2.230360666700834,0.25761910324186954
7,Antony,74.97327160352356,1.6109016742169244,0.05308211099093932
7,B. Fernandes,89.20123951763597,4.754617304257335,0.39250049073226806
7,C. Eriksen,97.44033815307517,4.74236406016521,0.31786366631428375
7,K. Mainoo,82.38729429949646,3.979006905701823,0.32374003178177546
7,M. Ugarte,85.09213176884893,4.4874691347981575,0.11058759677277377
7,Casemiro,78.25013289642293,3.579444643433313,0.1322277224813365
7,L. Martinez,94.88723984886879,5.557865168065726,0.10764314120875657
7,D. Dalot,81.60992545779398,4.155339942539973,0.23783360487753388
7,M. de Ligt,89.21080400373302,2.998793384773939,0.06400989255029815
7,N. Mazraoui,86.9423429811353,4.235874268758624,0.2196390362777311
7,H. Maguire,83.53568861819562,3.3755080475370622,0.02849171442706765
7,L. Shaw,78.45615626593603,4.357770931479551,0.19438438435815555
7,J. Evans,77.5863153487815,1.7339508545078144,0.0
7,A. Onana,73.11261141333162,4.476266907686007,0.05127503486863122
8,M. Rashford,78.61327350452184,2.1178536836974473,0.3689141902987999
8,A. Garnacho,74.0358210871305,1.85767246616459,0.3793862355647478
8,T. Højlund,83.36201509027073,3.3144967259188163,0.21810668858168564
8,A. Diallo,81.28500551334609,3.2534536753441126,0.2772696348890248
8,J. Zirkzee,80.75251342335456,2.536161365035495,0.24484889421768663
8,Antony,80.7862191060463,2.119106723681181,0.06372198134815138
8,B. Fernandes,91.46820106347704,5.633778477374062,0.48711419946377116
8,C. Eriksen,97.46192150026141,4.489626929939776,0.426967372009279
8,K. Mainoo,96.895592494477,3.7822968637362044,0.25372487392996135
8,M. Ugarte,96.9135379084708,4.347743287438427,0.06585699864233659
8,Casemiro,86.81925273161657,3.030929234683696,0.05927747444828614
8,L. Martinez,91.7253922140632,5.89751553994876,0.13411012174479356
8,D. Dalot,85.96126045045287,4.340528839521912,0.3305250246407039
8,M. de Ligt,89.00658383704483,4.39059343908595,0.04680055778872455
8,N. Mazraoui,88.30214516139027,4.304891695299962,0.15086389892188506
8,H. Maguire,88.72963898473621,3.199871324927834,0.07062256320040745
8,L. Shaw,90.25667457563127,5.573180083946536,0.19811300078743418
8,J. Evans,82.37601217999273,2.1261156841451414,0.0
8,A. Onana,71.85045149077393,5.2134099186645315,0.09402521239949274
8,M. Rashford,70.2170148250021,1.6005866561374629,0.25877077781932023
8,A. Garnacho,70.0,2.1797590906533064,0.29014615104256497
8,T. Højlund,74.03702354001106,4.428503120798037,0.24819388365477607
8,A. Diallo,75.74884523806246,2.2673790640384097,0.2606932695362453
8,J. Zirkzee,76.8378271599481,3.195126563603698,0.2265102269383175
8,Antony,72.2922110900238,1.0210216532769278,0.02703403859927364
8,B. Fernandes,83.47627984023232,5.080123816275721,0.4761278931758893
8,C. Eriksen,85.12955480385531,4.9342727709833385,0.25957885519636237
8,K. Mainoo,89.95357309379234,5.516159455524173,0.20865656135398397
8,M. Ugarte,85.6422422299271,4.026496526241443,0.10929457448131558
8,Casemiro,87.88682930294414,3.5503569111955784,0.06563539546064702
8,L. Martinez,94.76261932276924,7.165222148349745,0.18502410905986819
8,D. Dalot,84.62909612442918,4.840004813753493,0.2652647795222836
8,M. de Ligt,94.02863596415011,4.189225932553786,0.03664409598415728
8,N. Mazraoui,85.08685474573329,4.623905379905014,0.1247532164506382
8,H. Maguire,81.6746932354916,2.8639967126035835,0.033437241146740876
8,L. Shaw,90.21380745042919,4.214659440811942,0.18632182740780745
8,J. Evans,71.06057543608033,2.947752139616332,0.04747420905705377
8,A. Onana,77.55301889322185,4.315333059028199,0.028157516383196947
9,M. Rashford,79.49753473484301,3.0464719678580847,0.3172352233806524
9,A. Garnacho,77.21608610308135,2.1647379058299236,0.4118304561578179
9,T. Højlund,83.31426554179788,3.6164539957389845,0.2606815874929886
9,A. Diallo,79.09393880235577,2.5797818044881256,0.28699395925304133
9,J. Zirkzee,86.28018651569937,1.886087857129735,0.14455390763642056
9,Antony,81.50884750025809,2.4393144175406043,0.1347124869463506
9,B. Fernandes,88.17920189322722,6.228694241664353,0.41059930497918773
9,C. Eriksen,84.40477617351968,5.064008670031999,0.3313972887823694
9,K. Mainoo,83.61506873147715,4.425013868379612,0.2881900356885599
9,M. Ugarte,88.84368547705309,2.6318173607974633,0.13562286641400723
9,Casemiro,91.10080471183464,3.1404944817323703,0.2188318498023833
9,L. Martinez,91.11966093469539,5.584684897445157,0.13790459650593775
9,D. Dalot,85.91765593457801,4.346003669593616,0.2409381971071835
9,M. de Ligt,94.40822158605718,3.0490763454857333,0.129688230203663
9,N. Mazraoui,88.17139528642973,4.570377498952876,0.2241362673188852
9,H. Maguire,89.02701287661513,3.4418603681393223,0.06838542800086575
9,L. Shaw,91.67089103947016,4.897491518079459,0.2398260584850735
9,J. Evans,87.33601503035405,2.446158583427664,0.09500586077247364
9,A. Onana,71.69443079176293,5.580564259746489,0.02099210246778283
9,M. Rashford,70.0,2.1768626489464737,0.20114741712625597
9,A. Garnacho,72.46257419595489,1.4084256124185655,0.257690828339261
9,T. Højlund,72.54183707621787,3.228616208450554,0.037206033668552144
9,A. Diallo,71.86438870605711,2.9562487936865782,0.2856900079325416
9,J. Zirkzee,77.20183024713985,2.219814314122472,0.12361443219290101
9,Antony,72.98558984363773,0.8049811864844744,0.17116991508835755
9,B. Fernandes,89.90944916230269,4.967421495702201,0.3877442919497265
9,C. Eriksen,88.0335312317902,3.5749590789454255,0.24804113087397012
9,K. Mainoo,82.4720630080088,3.399027994063051,0.22114498535570226
9,M. Ugarte,94.79074610739809,3.7845057167602056,0.04664105051086016
9,Casemiro,82.79033112542463,4.039613261951601,0.12983168414563845
9,L. Martinez,92.6385214796807,6.1118379333766555,0.1789111656806795
9,D. Dalot,84.17394154168699,4.737115932016639,0.23855859008409847
9,M. de Ligt,92.69821086127735,3.478858873063659,0.11086970328171629
9,N. Mazraoui,85.2903984187696,5.145156523575159,0.1311406090955216
9,H. Maguire,87.143855212661,3.2187464700775887,0.0
9,L. Shaw,83.1644566637827,3.9077916150834078,0.20520829732009582
9,J. Evans,78.591341952142,2.1557799976368526,0.01398227038695086
9,A. Onana,77.46908143444746,5.5365259020604265,0.0390161834837016
10,M. Rashford,78.6520139126728,2.1720187960309567,0.3526758986365208
10,A. Garnacho,72.00882973920638,1.645574077545993,0.3190707963061205
10,T. Højlund,86.6968924904211,3.8883175638216447,0.18284067688503128
10,A. Diallo,89.49594705316014,1.7645406021985952,0.248781255989509
10,J. Zirkzee,82.3978072742399,3.4282589815672924,0.25669638457289345
10,Antony,78.16446294852425,2.1472085000587775,0.13607457652496463
10,B. Fernandes,89.70949080023672,5.630195962492003,0.5156161439206709
10,C. Eriksen,86.89443137206301,5.685924209835537,0.42550456770737255
10,K. Mainoo,85.19774919396188,4.237482120062445,0.3007015093141369
10,M. Ugarte,92.14269506329562,3.069816907692748,0.05841883160309742
10,Casemiro,88.39778371603421,3.9036374115556187,0.15368000772972162
10,L. Martinez,93.91754267165558,6.963019226389007,0.030072868968496203
10,D. Dalot,90.6950628014884,3.1561717327331404,0.2348779529298434
10,M. de Ligt,88.52132042149543,3.0231911145674566,0.11554133936892597
10,N. Mazraoui,86.62919519475244,4.10790232903843,0.20465397105604077
10,H. Maguire,89.10816330889249,3.1460931346361534,0.0
10,L. Shaw,93.08506727778855,3.803746050103212,0.15217090506701242
10,J. Evans,82.78753935613635,3.4004558743805866,0.06551108710567465
10,A. Onana,73.00539146236856,4.290445377408942,0.0069182474391308695
10,M. Rashford,80.80699193424337,2.3291612713389322,0.2567020823595535
10,A. Garnacho,73.22113381612736,1.943273495415908,0.26704789270896484
10,T. Højlund,79.31460060366008,3.4570392443515616,0.1565388881745079
10,A. Diallo,81.11051817454792,2.5311675314843796,0.283032003860779
10,J. Zirkzee,75.17713367956567,2.847181114189654,0.02608996577339462
10,Antony,76.66531069880993,1.7078930855387957,0.1459005054929826
10,B. Fernandes,74.81497848722525,6.353024822868436,0.3794205185922413
10,C. Eriksen,91.63273126695007,4.176056443724681,0.2910386952531284
10,K. Mainoo,80.98633774730538,3.625738623582517,0.33090156769333934
10,M. Ugarte,86.83727039694661,3.5304597239078337,0.11870338653443771
10,Casemiro,82.48272755189042,3.290251343086146,0.10184805012331127
10,L. Martinez,98.0,6.4654287217798485,0.15405495233574837
10,D. Dalot,86.80261758403044,4.86331555977479,0.266151515278019
10,M. de Ligt,91.05492088811674,3.1141970523617095,0.1266715766150548
10,N. Mazraoui,79.91461842792525,4.081581279143419,0.1278862074990321
10,H. Maguire,79.94344661362803,3.2972574461820883,0.048067860772513654
10,L. Shaw,86.78768301694113,5.068226761435188,0.20667671507569899
10,J. Evans,75.52337345883741,3.0784523009730145,0.07467352444623203
10,A. Onana,70.0,4.8584400419099145,0.05225863711554492
11,M. Rashford,77.30974598656003,2.925424087986972,0.31449722064837365
11,A. Garnacho,76.60230581388616,1.6961569054296783,0.40327895237907335
11,T. Højlund,80.71489965241919,2.6359694704434236,0.28672525316124864
11,A. Diallo,79.8121546067267,1.9051645903262158,0.21433049431981427
11,J. Zirkzee,78.94415300924199,2.0061461239555007,0.2546007580068185
11,Antony,84.03926835737053,1.0871097928933657,0.2506217902672154
11,B. Fernandes,94.32706194796638,4.905101169894826,0.35802971425632124
11,C. Eriksen,98.0,3.966256519941842,0.2742300626521554
11,K. Mainoo,91.79028172803856,5.463851443803564,0.34521364092552587
11,M. Ugarte,93.35563648020943,3.7568526049991715,0.13467077793901538
11,Casemiro,91.53571435914706,3.3687148543816257,0.1317100551975938
11,L. Martinez,95.14962748840192,6.047621246679994,0.15846624615666127
11,D. Dalot,79.32817274321846,4.140996223923151,0.20357044464245413
11,M. de Ligt,88.58564273113691,3.907936490692087,0.12710011431722995
11,N. Mazraoui,92.17326642400926,2.957699637826094,0.15751859317148312
11,H. Maguire,90.96308475195286,2.5105075638770145,0.03476834250014877
11,L. Shaw,91.3002083960982,3.5189933270818186,0.23526877530729798
11,J. Evans,79.16389802032718,2.1391794136292717,0.038989096707126844
11,A. Onana,70.0,4.764284842776239,0.02201811005366594
11,M. Rashford,74.70995981766859,2.234348480438797,0.30340702149869225
11,A. Garnacho,70.0,1.5423566753248483,0.28611487515161416
11,T. Højlund,82.27319211614555,3.5293160421954224,0.1604295845601941
11,A. Diallo,75.39203324877298,2.102259449469431,0.1762697364100153
11,J. Zirkzee,82.49830697274776,2.053682058765229,0.09135474011020464
11,Antony,70.12637093772321,2.036954626166665,0.08125251608539862
11,B. Fernandes,91.39096829069494,4.695905625453679,0.4003497081111901
11,C. Eriksen,83.85861178696098,6.087089476664032,0.2010200790485243
11,K. Mainoo,86.4392828409081,4.380266128559259,0.25588995487257493
11,M. Ugarte,86.85884936448916,3.322107580159944,0.07739057359895549
11,Casemiro,79.91199199348604,3.778327470076946,0.19412615007956757
11,L. Martinez,90.17003285996867,5.678118212252553,0.13958589758243725
11,D. Dalot,92.91883735061727,3.717795259218162,0.28875584027220336
11,M. de Ligt,95.21080325630577,3.467847054975203,0.07344915395926377
11,N. Mazraoui,91.01358649251415,3.672523355407508,0.1554209819948819
11,H. Maguire,77.87327634420542,2.49114596158428,0.0
11,L. Shaw,80.20423893295097,4.1204500809555356,0.14550133844706792
11,J. Evans,77.43514364716299,1.5664626122778236,0.03174401161072286
11,A. Onana,72.2341158464357,3.3037586144571267,0.03590282849237861
12,M. Rashford,83.41067596989316,1.3742153887852768,0.4056286193418852
12,A. Garnacho,77.77607603746418,1.3769928865449548,0.3997115461171147
12,T. Højlund,87.33330765008688,3.545603234847447,0.23393779962231845
12,A. Diallo,79.51730562768253,2.6016164944216467,0.251314275154751
12,J. Zirkzee,81.0550957546052,2.257655415121126,0.13572350287051166
12,Antony,84.94437270084175,2.1547860723565613,0.16845690604535885
12,B. Fernandes,86.0307489413097,4.910154930183118,0.5436548849989591
12,C. Eriksen,93.76686765455962,6.191597723989016,0.37616589196971856
12,K. Mainoo,88.46819646596013,3.8145301214784992,0.2826770452391141
12,M. Ugarte,90.49012065447782,3.824865206013154,0.1398351158397292
12,Casemiro,85.3560421579682,2.4012602278653334,0.03468973134483516
12,L. Martinez,97.43196530765017,5.837980036295676,0.06485547035237584
12,D. Dalot,87.65431441812385,5.695799710459674,0.2526964544230053
12,M. de Ligt,96.35396309780657,3.8490976151285388,0.052555517340442864
12,N. Mazraoui,92.17630593195108,3.725835273486809,0.22036961570359515
12,H. Maguire,88.48679122478406,2.699145727814171,0.09560211747682615
12,L. Shaw,88.40016097321836,3.646552904304293,0.25682549217852013
12,J. Evans,80.90612807283586,2.516908694421477,0.022544050167789823
12,A. Onana,78.74358226332632,4.7848189397279715,0.021748652062742804
12,M. Rashford,75.77106519680115,2.934124529410388,0.26309051531759314
12,A. Garnacho,70.0,1.0128982605899042,0.22674431684623134
12,T. Højlund,78.87910118258132,3.1342926787044303,0.1490514348507277
12,A. Diallo,78.42659969958844,2.8178156526140383,0.24287506109704546
12,J. Zirkzee,77.4460065753048,2.8386846488860717,0.027226671682306428
12,Antony,70.0,1.4135474665670307,0.035515262857944624
12,B. Fernandes,88.79971491998482,6.018450499406218,0.4473380925848658
12,C. Eriksen,86.34622851627917,5.694435682109971,0.26783337286010556
12,K. Mainoo,83.85165611552785,3.631958401875436,0.22007651567559358
12,M. Ugarte,86.04729272583508,3.5022497334252924,0.08322869905249324
12,Casemiro,80.51218408061366,3.46216290184781,0.14313231373931706
12,L. Martinez,96.1982165417653,5.609061218930058,0.016303943254902253
12,D. Dalot,86.33727964495709,3.3798727809507474,0.1955617299053658
12,M. de Ligt,83.81954789576257,2.718811737451988,0.07207313641023941
12,N. Mazraoui,87.53662064121059,3.554093759563968,0.0360478853927545
12,H. Maguire,78.01502220699007,3.335082403241528,0.0
12,L. Shaw,85.83343967911662,4.0908140904962025,0.21296457498005442
12,J. Evans,76.9783214736566,1.9161586354710667,0.07502857508322457
12,A. Onana,70.0,4.483617276294041,0.0
13,M. Rashford,76.72687099523395,1.5691183715838597,0.31335269700382884
13,A. Garnacho,82.94683392056938,0.9768593142411862,0.3218219301061629
13,T. Højlund,90.98468130997443,3.3744057937088803,0.17354636306700416
13,A. Diallo,87.35961874958431,2.1366306761578815,0.41330048567734684
13,J. Zirkzee,84.21170348535708,2.5072531551125783,0.28036541066327514
13,Antony,77.57714030798665,1.9452572232055843,0.1529646290203246
13,B. Fernandes,95.6069651575952,6.036906718036112,0.48460020745328825
13,C. Eriksen,90.18632851861527,5.07598328576347,0.32261423151239466
13,K. Mainoo,95.7535489901065,4.081921198649643,0.2577339224343945
13,M. Ugarte,91.83872122345963,2.591724226282182,0.04341929807446742
13,Casemiro,93.3016556317777,2.805863432617163,0.07415445086590303
13,L. Martinez,97.54661101010915,7.211422492797798,0.20844766553325333
13,D. Dalot,90.08419074322326,3.7459229468583235,0.1819094666629078
13,M. de Ligt,98.0,3.6063920966947185,0.04495834917724763
13,N. Mazraoui,93.81277656739623,4.2337380056403955,0.22979438860408036
13,H. Maguire,95.86000937960434,2.7138890617719142,0.09239200640406187
13,L. Shaw,89.32805249958834,4.261155367317953,0.30642342132062655
13,J. Evans,86.53134302515849,2.82297764742978,0.07662536686549011
13,A. Onana,72.94018908182846,3.996474199596596,0.0
13,M. Rashford,70.0,3.333724277964193,0.18003958171391587
13,A. Garnacho,70.0,1.6339120200666477,0.295370334890455
13,T. Højlund,83.36294885015718,4.016284093015847,0.12924612807155306
13,A. Diallo,77.53151314485436,2.66954797029298,0.23396544369082264
13,J. Zirkzee,81.92938230407997,3.0945849709829507,0.16274388930249087
13,Antony,75.65152507466965,2.204084314491195,0.10505107793518535
13,B. Fernandes,81.21267220817661,5.339812771051585,0.3538321553104085
13,C. Eriksen,85.08553327300098,5.151818411253056,0.32231415357168175
13,K. Mainoo,85.28508630694425,4.185299807559378,0.3203107472317619
13,M. Ugarte,88.56301271795427,4.961009868508237,0.10347548228157721
13,Casemiro,73.45694896337673,3.6520049726627195,0.10265791924413889
13,L. Martinez,97.55901101633098,6.903908810761975,0.1370772008008113
13,D. Dalot,77.70280705484254,4.074586045628385,0.16427397728953497
13,M. de Ligt,86.17790620078111,4.153147042652366,0.1284952252175703
13,N. Mazraoui,86.07868611929193,3.1824701627788894,0.18783013341100704
13,H. Maguire,84.9865259465826,2.7341302574083706,0.025299141666354115
13,L. Shaw,85.15875277891678,3.6290610121506557,0.21641402169219295
13,J. Evans,76.01620740556888,2.7517194663442166,0.0
13,A. Onana,70.0,4.933428814696663,0.0
14,M. Rashford,85.40785540493363,1.8602182886312386,0.3332342362875943
14,A. Garnacho,79.83036332749235,0.9489805602401811,0.31445955940096115
14,T. Højlund,78.99737474171961,4.257550462056309,0.17940709270537764
14,A. Diallo,93.43279714267301,2.1614514408055667,0.33122756515985186
14,J. Zirkzee,87.66843981027151,4.003655732895473,0.27557517883181987
14,Antony,84.83346492237257,2.1144375154868773,0.16762634746005914
14,B. Fernandes,93.51344430466656,4.76928857020288,0.44209005582888455
14,C. Eriksen,93.18650217035619,4.697889226485043,0.3338385975336362
14,K. Mainoo,90.48554978982686,4.5731831251423065,0.28042034431459234
14,M. Ugarte,97.01012032422105,2.714986531519897,0.0823170270360141
14,Casemiro,85.63271071758878,2.080078029756164,0.12236596570786504
14,L. Martinez,94.91300996646687,7.4080698459452785,0.20404058422773885
14,D. Dalot,82.00325270268317,5.3124555398005135,0.31405168477626766
14,M. de Ligt,95.32839081387446,3.6641095406901005,0.009528038163826004
14,N. Mazraoui,87.01117289571579,4.553249171822512,0.30122931529673047
14,H. Maguire,93.37297411308876,2.8066903469282356,0.0
14,L. Shaw,89.66354498764481,3.038936380662289,0.24615838570923906
14,J. Evans,83.90958965480533,2.2203780988790545,0.0
14,A. Onana,76.45440042627887,4.180379496202853,0.0
14,M. Rashford,70.0,2.0834910569696183,0.3238125798334872
14,A. Garnacho,75.74503685819147,1.525742246048237,0.24988939698191093
14,T. Højlund,81.97509702430008,2.900968736487025,0.17348959499097327
14,A. Diallo,81.26432111353877,3.2361599343305847,0.24139229617600236
14,J. Zirkzee,74.68530499929214,2.273210447946063,0.084655982298007
14,Antony,72.0940844323939,1.720419304089707,0.1416792313116625
14,B. Fernandes,83.18728419727863,5.9956131413757126,0.3728438199478715
14,C. Eriksen,87.11453082260626,4.351672992511306,0.13918798698635287
14,K. Mainoo,88.7361815854442,4.44210633825546,0.22113362214408933
14,M. Ugarte,87.86796286889948,3.7095635306224595,0.0
14,Casemiro,78.38378929061481,3.6765588077730964,0.02088552884153752
14,L. Martinez,93.57423172866652,5.686050917225957,0.16732149912167632
14,D. Dalot,82.45743407081007,3.2309209104566943,0.26503696772285856
14,M. de Ligt,85.5616336928078,3.313848537791371,0.05502845986154714
14,N. Mazraoui,89.09454939771486,3.290506908612962,0.16868399249239857
14,H. Maguire,81.9152660013223,3.5158633643578865,0.040822077763861264
14,L. Shaw,83.6318886436667,3.603445867610768,0.18830719415231872
14,J. Evans,72.21144395205758,0.7471897099032356,0.037027990207883395
14,A. Onana,72.51573936434478,3.0822405386748972,0.0
15,M. Rashford,80.97661704402078,3.3344972818270193,0.3230396853837704
15,A. Garnacho,73.18798823508345,1.690262135337096,0.47124382095740924
15,T. Højlund,82.51614328350185,3.020484796009848,0.18286282389089836
15,A. Diallo,79.38668556696516,2.5736021895968775,0.40323392292347804
15,J. Zirkzee,82.79231709246412,2.648587898724227,0.1579094365542228
15,Antony,73.74723676521337,2.0298658662882954,0.13410814014935987
15,B. Fernandes,89.6780803456375,7.015864540706916,0.4979376454182842
15,C. Eriksen,90.19283579961926,4.544185442276674,0.4139222854598377
15,K. Mainoo,88.15308164215107,3.13703321300958,0.32196144672876015
15,M. Ugarte,88.42742365784402,4.523978665730527,0.14600240328573244
15,Casemiro,86.710712417365,3.968609817041068,0.12989277552637016
15,L. Martinez,98.0,6.790839690376685,0.1301821672504563
15,D. Dalot,83.52580067073015,4.817976490548697,0.23626123339467295
15,M. de Ligt,91.38540614703201,3.226926452390388,0.07867995327967305
15,N. Mazraoui,96.75009967697258,3.259480251447436,0.2082109728336379
15,H. Maguire,92.84888222166173,3.052215165252571,0.0686185898124867
15,L. Shaw,84.85042588741247,4.356984258324589,0.22064278674977256
15,J. Evans,88.44291998271945,3.2124316309388505,0.1524781821009307
15,A. Onana,76.71853269285431,4.6954777899493,0.0327192150788668
15,M. Rashford,71.08733482875725,2.303090306077015,0.22042992949304854
15,A. Garnacho,70.0,2.590558521364776,0.22967287173601791
15,T. Højlund,84.65951424451617,4.290269040403919,0.15249657365044605
15,A. Diallo,70.0,2.1353068077433406,0.31124972732805545
15,J. Zirkzee,75.40852775080447,2.200418660623053,0.10076125393858913
15,Antony,76.36248010601821,1.8280401409208276,0.08405339504151528
15,B. Fernandes,84.93270235274126,4.864945110573706,0.34027949077507486
15,C. Eriksen,93.66150275787777,4.606607718473196,0.3212579260412748
15,K. Mainoo,91.2852642076898,4.598986538888776,0.21361898436409757
15,M. Ugarte,89.21492036134643,3.38548263616545,0.03001490696349359
15,Casemiro,81.79743712688641,2.4925761253041188,0.14298396942307817
15,L. Martinez,90.54153081080644,6.620695793523703,0.1581643935773071
15,D. Dalot,81.56438010518369,4.552016280885165,0.18305481716887376
15,M. de Ligt,91.98518918982897,2.9924121918519506,0.05131897897732059
15,N. Mazraoui,92.25571599623314,3.299801205236655,0.1317127514737574
15,H. Maguire,82.25563139863566,3.207749069163759,0.04953150496367796
15,L. Shaw,87.05674852059065,4.4808328811370615,0.23948499209781116
15,J. Evans,78.13927462771404,2.3552454072288747,0.04882868506013657
15,A. Onana,76.49952773958087,4.420419752170456,0.0
16,M. Rashford,82.92832267714789,2.0277713016278414,0.21336652269929818
16,A. Garnacho,79.48968670860168,1.4788030884276464,0.39797333588479195
16,T. Højlund,86.42792132227605,3.61429980786744,0.24247259085695197
16,A. Diallo,81.45805451772063,2.8078634789056496,0.30902266612080415
16,J. Zirkzee,84.45524192355,3.169220490407832,0.12572806489777022
16,Antony,84.34392846470013,1.1784219329315713,0.17840288991405723
16,B. Fernandes,91.86914925360537,6.202910206077073,0.4718267008814073
16,C. Eriksen,91.80273281552721,4.78834823646736,0.3413410108582862
16,K. Mainoo,90.8997676077682,3.0302136349380473,0.22331587904268227
16,M. Ugarte,86.82878831368322,3.9701845551841455,0.17753066862909628
16,Casemiro,88.08220312585011,3.098706966085994,0.13000260815565906
16,L. Martinez,98.0,5.943588119485655,0.18441844913673924
16,D. Dalot,90.00079051912971,4.500656501963907,0.26247908082993715
16,M. de Ligt,97.00418437026856,2.178060624200458,0.09139376597654539
16,N. Mazraoui,85.8836972674903,2.801620261886126,0.23256012997624903
16,H. Maguire,92.69463418065183,3.017530891223385,0.09364372736014695
16,L. Shaw,95.54911303195458,4.888948672150428,0.3119982264685696
16,J. Evans,87.46850996428756,2.5452601833409556,0.0
16,A. Onana,73.41575004748022,3.994052042810285,0.1315471358748907
16,M. Rashford,71.79645675027065,2.1739228840706915,0.26277426880202337
16,A. Garnacho,70.0,2.817030624258452,0.24886753191327737
16,T. Højlund,80.87842982094897,3.054517648581171,0.09239887443896469
16,A. Diallo,75.75292363637887,2.4777779217709526,0.224934888774137
16,J. Zirkzee,72.73031608050458,1.9562095217968996,0.12184472136856526
16,Antony,70.0,1.9560335782137614,0.10012198764672517
16,B. Fernandes,80.56979400214028,4.914474553770082,0.34879217972047083
16,C. Eriksen,88.47669804167673,5.604270267613886,0.1666413765177127
16,K. Mainoo,85.66010431658967,3.903920322660016,0.2687670038225233
16,M. Ugarte,88.45278651295075,2.9488184009567084,0.059247303216669094
16,Casemiro,77.31589657278604,3.845604283159159,0.0846655824335971
16,L. Martinez,98.0,6.463603511711227,0.10857966165447686
16,D. Dalot,76.54514242954869,3.1181161942464333,0.12759320284972547
16,M. de Ligt,89.56850660404594,4.1052350139379605,0.0
16,N. Mazraoui,88.08015325630446,3.6101633689899364,0.17293965059927746
16,H. Maguire,86.6488825130217,3.6381035895193192,0.018573467604708384
16,L. Shaw,81.53523109833884,2.8089107592024165,0.14804233403787898
16,J. Evans,75.65547904468922,1.9076922837092898,0.008637151645384766
16,A. Onana,70.0,4.365086410915153,0.0
17,M. Rashford,79.17461868786691,2.3651643897416457,0.2674800461278577
17,A. Garnacho,81.74372951898508,1.740847120629443,0.40344248114724235
17,T. Højlund,87.93285769302622,3.639929678758101,0.2546568316956622
17,A. Diallo,84.3484966608073,2.1325375752157374,0.3400751762603051
17,J. Zirkzee,76.92509517071736,2.8651358234659137,0.17083850046777696
17,Antony,79.16753257090984,1.4228774931366415,0.043907547725118026
17,B. Fernandes,88.20510036903616,5.155706940684668,0.49099281959986996
17,C. Eriksen,89.08929943629617,5.55942470451882,0.3131912575892749
17,K. Mainoo,91.57782880210695,4.2563166171230105,0.2436886345078098
17,M. Ugarte,98.0,2.683817900946112,0.13795770868050009
17,Casemiro,92.50232927217192,2.797627874554013,0.19612326500321645
17,L. Martinez,94.3998139416042,6.673216177567914,0.18551609193856103
17,D. Dalot,85.5627650341178,4.68648496389587,0.2926744360276107
17,M. de Ligt,86.00587210704728,4.582604145726892,0.0
17,N. Mazraoui,92.63018481736663,4.57602308209655,0.15245167848924007
17,H. Maguire,85.55674284818167,2.436577198908439,0.035253948485563236
17,L. Shaw,87.86786286325703,4.567796319361603,0.2955154373059804
17,J. Evans,90.08273524315982,2.162699184053019,0.01253890631277361
17,A. Onana,70.0,4.016477960102287,0.07124258165487288
17,M. Rashford,78.96233129419292,1.3593906768720467,0.2055767870423553
17,A. Garnacho,70.0,1.9680966952917642,0.23951982400391766
17,T. Højlund,81.79624417785635,3.2156963917574504,0.15767738645608603
17,A. Diallo,80.38513699201481,2.503853361886563,0.22458070547367157
17,J. Zirkzee,75.06156078429667,2.7469822244767985,0.10749944850589362
17,Antony,71.96481574933159,2.45918830230283,0.12404597239706194
17,B. Fernandes,85.21807872788337,5.518172642706441,0.3697090255121995
17,C. Eriksen,91.89249855034657,5.021785315318856,0.2550348927997885
17,K. Mainoo,86.99086770324111,3.0574743087589002,0.1788616265545097
17,M. Ugarte,82.82429997440377,3.485765856858224,0.16182574997425458
17,Casemiro,89.42520058477052,3.5828306608644542,0.10864222374722285
17,L. Martinez,85.19576906338905,6.174395720159587,0.10461081240458804
17,D. Dalot,80.11660960699552,4.099113708849126,0.18319547111514362
17,M. de Ligt,80.58280075849684,4.24874615367052,0.0
17,N. Mazraoui,85.4569874564446,5.144449601849984,0.11963077042067882
17,H. Maguire,70.07884990901468,2.9283974668719335,0.08704798174992856
17,L. Shaw,92.93338981688237,3.3622702433285494,0.2088349611618261
17,J. Evans,74.63875817287979,2.4364309874175185,0.14741716735085172
17,A. Onana,70.0,4.6522437968967445,0.04058465858827166
18,M. Rashford,82.8431452997574,2.1587898920825372,0.3374025269752051
18,A. Garnacho,74.53340573031284,1.9614761647470644,0.38534038622512945
18,T. Højlund,87.58628755942419,3.2782337983738197,0.22585501969510932
18,A. Diallo,83.08294874526008,3.175630150463301,0.3194303138205757
18,J. Zirkzee,74.40787012717247,3.557152900428395,0.12721338495686904
18,Antony,77.38493464540473,1.1426032235739048,0.20672190465854084
18,B. Fernandes,81.85730314408522,6.982649120195996,0.5358028404533025
18,C. Eriksen,94.09295565651664,4.767063599630228,0.3707777037428828
18,K. Mainoo,89.78448971351736,4.387129351570034,0.3037802233001724
18,M. Ugarte,91.45832272502099,3.281596947815604,0.08443633581732442
18,Casemiro,87.72036687858927,3.880262058120239,0.1561778361140431
18,L. Martinez,83.63844546134288,6.893540465917857,0.18223680973593873
18,D. Dalot,86.02516497421641,3.966888928146669,0.3092056359993007
18,M. de Ligt,96.79010584849144,3.3362733993058344,0.07785261435622676
18,N. Mazraoui,84.61337306183485,3.0722291011266414,0.17566413877050174
18,H. Maguire,90.64957388953104,3.671875027225652,0.07165427100486466
18,L. Shaw,92.00038314739199,4.409706972268975,0.19792592023885236
18,J. Evans,86.22769017869577,2.9802457151366095,0.06071456649067872
18,A. Onana,79.15565348589858,4.924982308320638,0.04057241037707915
18,M. Rashford,76.7806009532657,2.084087244450564,0.19110626743861414
18,A. Garnacho,70.0,1.3530584131161305,0.24624108625128088
18,T. Højlund,79.52192531713793,3.0245480474000233,0.14300192351804797
18,A. Diallo,70.62554133218487,2.627976224423763,0.24646027376811122
18,J. Zirkzee,72.23164547572723,3.195547401059443,0.17287850688132791
18,Antony,70.0,1.0423651328602714,0.057542882510635086
18,B. Fernandes,82.64038759556455,5.597684905159049,0.3767086930613598
18,C. Eriksen,86.14194063475756,3.597682581355948,0.29217090151046127
18,K. Mainoo,80.24296642058611,4.035959578159797,0.2490688468979096
18,M. Ugarte,93.0426343833546,2.6147077605285327,0.0
18,Casemiro,81.23539817901478,4.2803067089065125,0.14554731764697187
18,L. Martinez,93.23863766109851,6.205018288620772,0.1843561298318655
18,D. Dalot,78.70581520118212,4.485814661613731,0.23207350795833132
18,M. de Ligt,92.74083962999552,5.455796023346647,0.06462079835893836
18,N. Mazraoui,82.46414549717001,3.884655412684803,0.07714620475554408
18,H. Maguire,77.42114747564376,2.8544305371321377,0.005795580103270373
18,L. Shaw,85.70941948813488,3.6065480405706793,0.24005153336622356
18,J. Evans,76.50082825967279,2.4944198073168313,0.0
18,A. Onana,70.0,4.9950589588005805,0.0
19,M. Rashford,75.86753404369897,1.9177643827340014,0.2547064538263393
19,A. Garnacho,72.82296856111401,1.5142674758732046,0.44621945903563637
19,T. Højlund,86.1502453160077,3.6161539468205266,0.2495448981083986
19,A. Diallo,82.65051284640242,2.7342789099573337,0.3168389123533752
19,J. Zirkzee,82.56144939759851,2.4503448054330508,0.050559142086178524
19,Antony,79.46288335125479,2.353648881659964,0.1843107701120796
19,B. Fernandes,94.2615899383647,5.841678433083731,0.4874328795480718
19,C. Eriksen,93.98926282962239,4.42940886273939,0.3406963571986475
19,K. Mainoo,90.16308459908457,4.72233066230129,0.26902768621594997
19,M. Ugarte,89.29924294059435,3.4003167753139585,0.12206033744645574
19,Casemiro,82.72458073546584,1.8222914281176574,0.09897315752542082
19,L. Martinez,90.51715029634337,6.195115881411613,0.16511098405912641
19,D. Dalot,84.28700636390793,5.071480520682448,0.269337238230116
19,M. de Ligt,94.20189743844331,4.173324286426041,0.0005583441109615339
19,N. Mazraoui,92.65644714968107,3.854541428078724,0.24052403086206062
19,H. Maguire,82.91257106783938,2.1677447403903614,0.08689448290125143
19,L. Shaw,90.60563810439007,3.5587690673854935,0.18651684593626527
19,J. Evans,89.00173913765907,1.7863528642796034,0.10513364766279817
19,A. Onana,70.79751706140853,4.88303515536503,0.006569076212550769
19,M. Rashford,74.91274972432937,1.7735315987314846,0.2270603546963853
19,A. Garnacho,70.0,1.1986875265311165,0.31704121727100626
19,T. Højlund,78.04714573411366,3.362840050795989,0.10868253126957436
19,A. Diallo,70.0,2.3853833424398987,0.3670307710806458
19,J. Zirkzee,78.6384171515921,2.788443772159363,0.11285545853958662
19,Antony,73.08986357124819,1.8282714691051258,0.03695935923455776
19,B. Fernandes,90.8572867786755,5.529228789264746,0.4223092862853967
19,C. Eriksen,88.95390295523892,4.811769994616394,0.29404306179834094
19,K. Mainoo,87.56725653496551,3.7875755734353858,0.20651991135515493
19,M. Ugarte,88.00742518104794,4.3294120908971125,0.013244646217304958
19,Casemiro,74.62989893699024,3.2988565047419103,0.0861443850928009
19,L. Martinez,93.09336665748164,6.6463719187451,0.13283988726825974
19,D. Dalot,88.55945375440832,3.239457612914091,0.1653751487609877
19,M. de Ligt,88.08698095940382,2.8140867133074994,0.03620727977839644
19,N. Mazraoui,91.14588066291208,3.912531892977577,0.17713504528593418
19,H. Maguire,75.15934093930969,2.730183155176314,0.01324018098380315
19,L. Shaw,83.82913961297506,4.868986277002261,0.21188455303625622
19,J. Evans,72.05416817225188,2.647902867059203,0.040111087424839265
19,A. Onana,73.46059615408507,5.448324411941024,0.0
20,M. Rashford,75.25656995515865,1.3454532846512304,0.31029900704465097
20,A. Garnacho,77.96543349778533,2.392400709953461,0.3987024488178738
20,T. Højlund,83.82060990698062,3.5910547953492444,0.16524285491849883
20,A. Diallo,91.55815488677909,1.535403383729165,0.33123702894478624
20,J. Zirkzee,89.59442487691855,2.8040799067359985,0.16299804824992525
20,Antony,78.57021830875829,1.3917649909425553,0.2066424237338265
20,B. Fernandes,81.55255235468198,6.020060220777795,0.4118021423774927
20,C. Eriksen,92.13339068306234,4.5424533478208025,0.38592766348853597
20,K. Mainoo,81.30750259246501,4.277303599649166,0.3772154811643426
20,M. Ugarte,85.64730398162875,3.5138237005662374,0.058900891110169544
20,Casemiro,90.20354882477214,3.2114886664494513,0.09442565454778451
20,L. Martinez,97.3514891394843,7.582608865872046,0.16295481041363505
20,D. Dalot,88.97903176859272,3.424036225277302,0.20517818115909955
20,M. de Ligt,94.88962511152151,4.690469617121579,0.075280667439283
20,N. Mazraoui,87.24776787790738,3.8995748432540123,0.1444796133015141
20,H. Maguire,89.61806130542146,3.6293998373940455,0.02339548335834598
20,L. Shaw,87.219831408962,4.259526937791229,0.2081640131979702
20,J. Evans,84.23546954149671,3.7598330734999093,0.010648714962700166
20,A. Onana,72.96663939191512,4.111474916618905,0.06020959857499684
20,M. Rashford,71.7751033071276,1.7103761770071446,0.3012652016136506
20,A. Garnacho,74.77841201805454,1.439745860556777,0.18667300243196916
20,T. Højlund,84.13005475934769,3.089222104543998,0.19793127995813842
20,A. Diallo,70.31958472915267,3.0355584029795857,0.18584140353596096
20,J. Zirkzee,78.4230564762661,2.8085638407018605,0.07830302903016775
20,Antony,71.37185474829288,1.9117910741740205,0.10129472265576171
20,B. Fernandes,88.73765192188995,6.285864350709291,0.3081879194144474
20,C. Eriksen,93.66885029987449,4.8626135625139275,0.21546079758384357
20,K. Mainoo,79.87874549704404,3.88652776553378,0.281282505596223
20,M. Ugarte,87.08980351848986,4.306692958148409,0.0026412154974220503
20,Casemiro,80.45164420861578,2.448563933352129,0.10178159413124839
20,L. Martinez,95.9475495603892,6.247542923791368,0.013789307168643267
20,D. Dalot,83.39579258718597,4.462043131040106,0.22701473774808487
20,M. de Ligt,93.44312876728861,3.1573677922105707,0.07901080527252247
20,N. Mazraoui,89.2700300499119,2.83284744959609,0.18158259129594886
20,H. Maguire,78.18328067596931,3.0510863961390124,0.04938382417691682
20,L. Shaw,83.15108574354579,3.694575152503033,0.18570762087440124
20,J. Evans,72.15101624454879,1.8485049226688888,0.04916866414782517
20,A. Onana,70.0,4.899787500545527,0.04032956464269756
21,M. Rashford,71.59677308483761,1.693461208598607,0.38170547015236866
21,A. Garnacho,72.17533787544127,1.5213574426143675,0.4256030446625948
21,T. Højlund,88.23356203713037,3.3490766683733026,0.1771244902654179
21,A. Diallo,88.88947944679403,3.5433397982785473,0.3709429025390898
21,J. Zirkzee,81.8412725702601,2.315040567015444,0.13097777967217172
21,Antony,82.09005642106303,1.7510389325332103,0.20807992964732147
21,B. Fernandes,93.00180037014457,4.198151818944109,0.5355973808861458
21,C. Eriksen,89.20775749074235,4.569617236828589,0.36901001031258474
21,K. Mainoo,95.68266995913586,5.865951133603216,0.3063361529568091
21,M. Ugarte,90.36721352511844,3.72070338908833,0.1363827712936918
21,Casemiro,87.21732949777123,4.277126813547394,0.1380035379595701
21,L. Martinez,97.39097235636558,6.899554551232677,0.19357933053072277
21,D. Dalot,89.45576200187844,3.8296480880718464,0.22508491230269848
21,M. de Ligt,88.59938306811323,4.063700738372136,0.09644682517560571
21,N. Mazraoui,90.33109146460754,4.904695460008522,0.20672019905854766
21,H. Maguire,89.87496662237005,2.4449794743164115,0.026645014876279946
21,L. Shaw,91.8821510302631,4.609461266445886,0.21530165261679088
21,J. Evans,84.21360299256773,1.5892757519915144,0.0051485399596695285
21,A. Onana,77.96153265407915,4.84512300966394,0.04803328606906049
21,M. Rashford,72.69909474872384,2.104237895176906,0.20218394302632767
21,A. Garnacho,71.89531368081013,2.0525837666336337,0.3046009423996399
21,T. Højlund,77.99586062932967,2.207994248077253,0.21325763558768476
21,A. Diallo,76.28465017596639,1.9823345415741276,0.2810739455956997
21,J. Zirkzee,73.93194944032348,3.435961830427973,0.1568502974788349
21,Antony,75.7342772928019,0.6804265732796795,0.15659719926932003
21,B. Fernandes,87.44500212493543,4.878433716452278,0.39356942336711254
21,C. Eriksen,80.09505906840673,5.045191686888402,0.2089314245908964
21,K. Mainoo,79.78931885662587,3.0865844882692652,0.2908344187494962
21,M. Ugarte,85.08294642522884,4.320236625949899,0.04840992684738511
21,Casemiro,73.67056816962821,2.5300853360308047,0.14539058100034694
21,L. Martinez,91.77640728825334,6.1710276221056395,0.15200091129263937
21,D. Dalot,84.60713094467017,4.870439289541476,0.2792249614946463
21,M. de Ligt,87.06092541684366,3.0043713883507768,0.024326741943836196
21,N. Mazraoui,85.54112202633155,3.3217446442736334,0.11774245425524785
21,H. Maguire,81.57515152619955,3.0708085890577292,0.03363984977057933
21,L. Shaw,82.06601866119972,3.9617595714765392,0.13778834278658478
21,J. Evans,80.06079364449914,3.1211496008342516,0.0
21,A. Onana,70.0,3.6020824469459525,0.0
22,M. Rashford,78.16624812083856,1.2302128681808822,0.27590700934373436
22,A. Garnacho,72.084170511674,1.9243603976393664,0.4059672168518125
22,T. Højlund,82.21304978665098,3.606092523283639,0.17966599577063672
22,A. Diallo,82.11337955869578,3.504071254179122,0.3890230525895174
22,J. Zirkzee,76.30167505228961,3.2978394507275044,0.2130698277245796
22,Antony,75.40694684498953,1.9912665862529164,0.21489659592062763
22,B. Fernandes,85.90982077502235,4.549498307391442,0.5338830733421751
22,C. Eriksen,94.2859812433026,5.130885765143714,0.3735294608200248
22,K. Mainoo,89.26278368371258,3.2041167230133505,0.32836588533107236
22,M. Ugarte,95.77835996971109,3.2623655535591833,0.08982615250930688
22,Casemiro,82.3755699897771,3.508552853610701,0.15510287208570722
22,L. Martinez,95.15123593200276,7.1746120159223015,0.15579613845100296
22,D. Dalot,88.3584237035744,3.588201396784731,0.2518223924562881
22,M. de Ligt,92.30258296838866,3.935184753224565,0.039023653558332067
22,N. Mazraoui,87.97410961731333,4.395628302864903,0.18516178813808912
22,H. Maguire,80.77369159704529,4.1497503425232525,0.11507270393452433
22,L. Shaw,83.93094921957751,4.513824683147116,0.20485126147243282
22,J. Evans,85.55394886132424,2.6765344774080964,0.011279609984183899
22,A. Onana,71.26493733765442,4.085675368610245,0.0
22,M. Rashford,70.0,2.059693025970387,0.19941200054446243
22,A. Garnacho,71.82820826285047,2.6923476932015564,0.2509973379314978
22,T. Højlund,81.05761800214151,3.79981106618176,0.1820001135459637
22,A. Diallo,78.50382107166435,2.9456094510158333,0.27051244763403287
22,J. Zirkzee,70.54935031069081,3.3214936386335636,0.1703645418633371
22,Antony,70.0,1.5227627012685612,0.13016644964055346
22,B. Fernandes,85.56274472168256,5.743786828659607,0.504593624730968
22,C. Eriksen,84.05605586946007,3.971373238107735,0.27559092978024374
22,K. Mainoo,88.08625002050458,3.8614801756931385,0.3078630331660517
22,M. Ugarte,82.245576801107,3.8157511738189664,0.044906958962055335
22,Casemiro,87.37751162482918,4.395509211900871,0.045267170610832595
22,L. Martinez,90.20177145636569,7.015752732187881,0.12464346751052426
22,D. Dalot,82.41835512827105,4.215233052325447,0.11081634219011716
22,M. de Ligt,88.44464901562306,3.3861633355614957,0.020343858880011396
22,N. Mazraoui,90.27452801387525,3.1460958634324463,0.20626025933739886
22,H. Maguire,79.08414827867277,2.9321438989024995,0.07151859480258557
22,L. Shaw,86.46020517827556,4.442367798331718,0.23240923302664307
22,J. Evans,75.1747664672667,2.13265795929535,0.0
22,A. Onana,70.0,6.269456655185235,0.07943397903683934
23,M. Rashford,73.09570253516792,1.306525225953858,0.34609330308592456
23,A. Garnacho,78.28905918951186,2.1293303011904188,0.38975221032231505
23,T. Højlund,84.59818295998839,3.6967277144956143,0.21129465031466652
23,A. Diallo,74.32279850900986,2.362120221654884,0.27942967828698434
23,J. Zirkzee,82.20084567563404,4.5911554015620455,0.19087408327371522
23,Antony,78.74588125531041,2.0530809011863513,0.16213439436046062
23,B. Fernandes,92.08037796180737,5.464110355929402,0.585827178241477
23,C. Eriksen,88.67644625869634,5.084179246086872,0.31018094350092307
23,K. Mainoo,89.92205058536899,3.4487880931083437,0.25513165931974574
23,M. Ugarte,89.91964034304837,3.985490031606825,0.1379227221971207
23,Casemiro,83.51713049421446,3.232960466599909,0.09102100726254136
23,L. Martinez,90.36598035729867,6.369789769745378,0.15707586057720901
23,D. Dalot,95.80686594538209,4.459775895216418,0.18411912496228813
23,M. de Ligt,90.74090398331623,4.412829977257639,0.16192213864349625
23,N. Mazraoui,82.15606675104817,2.772045368916573,0.3005482587685891
23,H. Maguire,88.75845670948362,2.5790243608741803,0.07273145430612177
23,L. Shaw,78.55700904393248,4.102025303958296,0.24639105864215424
23,J. Evans,88.19708055815131,1.8916624286244774,0.027284358070167953
23,A. Onana,70.69830149576165,4.65323025340459,0.0
23,M. Rashford,70.86759664335912,1.5025107631258625,0.26775681209118285
23,A. Garnacho,72.53380446662666,1.6592276580255518,0.2819118997480014
23,T. Højlund,74.30563434146582,3.3201940111959276,0.15588976914791275
23,A. Diallo,88.6831723641199,1.8328197845355019,0.3196088619376219
23,J. Zirkzee,79.48743509386323,2.9683818426940816,0.21393102420975668
23,Antony,74.48842189042745,1.7334955174007571,0.09334396734912273
23,B. Fernandes,91.29427552967452,5.7578815402865295,0.35511613562518934
23,C. Eriksen,81.92301122160494,4.678211617562606,0.22039807178011764
23,K. Mainoo,84.94590170153859,4.742462880810484,0.2123349172456605
23,M. Ugarte,87.4287064747537,3.434813640885037,0.11762154411026424
23,Casemiro,71.51244266406158,2.835979823140822,0.09416418461397363
23,L. Martinez,97.20031582570745,6.204858531496277,0.050172364697906285
23,D. Dalot,85.07884578386454,3.8187825667046225,0.1473166670454819
23,M. de Ligt,86.0026184411471,3.6892847854064903,0.01476276677308936
23,N. Mazraoui,75.67773577160372,4.438239718132279,0.2293437520639361
23,H. Maguire,82.80608796535803,2.41738859774511,0.0219254233026241
23,L. Shaw,85.07391473908216,4.4592766337371454,0.21741702443590405
23,J. Evans,73.56330480488602,2.549197333848136,0.03806402023076206
23,A. Onana,74.72328928858707,4.922703923894834,0.056652834368775946
24,M. Rashford,78.83530651171745,2.946275487122102,0.3424881397979749
24,A. Garnacho,72.65564835930572,2.6420219820751143,0.43739516362695136
24,T. Højlund,83.32782391548606,3.212304219560454,0.2218287772570381
24,A. Diallo,85.05273918107034,2.618375359378724,0.33756543367214425
24,J. Zirkzee,88.29982949830553,3.442925891340931,0.1820317795632512
24,Antony,83.76524232306993,0.8804856578834763,0.15789635249734044
24,B. Fernandes,97.63722539893244,4.9691724627645755,0.4406183035690457
24,C. Eriksen,90.59164444562776,4.146220177594567,0.3172619045936148
24,K. Mainoo,86.21796760563988,3.156659788492815,0.2767809166974801
24,M. Ugarte,94.70910869514658,2.8553462919118475,0.16796419618208844
24,Casemiro,90.54316835411038,3.8183483513744347,0.09360827230739314
24,L. Martinez,98.0,5.844839659762812,0.2170123750418254
24,D. Dalot,86.78735735917412,4.531950731990871,0.19422026971875742
24,M. de Ligt,89.41972063089358,4.15833693095203,0.010082599788789955
24,N. Mazraoui,90.35282516839649,3.0797173161238525,0.2494087106333334
24,H. Maguire,82.26990674092596,3.431379962607714,0.07728154668230004
24,L. Shaw,86.3129127262817,4.449215940250836,0.24302211316667777
24,J. Evans,82.34463257522904,1.894867189554275,0.0
24,A. Onana,75.79860018919878,3.561118337182767,0.02776720997206541
24,M. Rashford,71.446207135671,2.507485665262917,0.2200977250255068
24,A. Garnacho,70.0,2.2391224225729776,0.29675290145420585
24,T. Højlund,81.36462382873111,3.781560553885116,0.08162139383964469
24,A. Diallo,81.22715471994793,2.8674812764081614,0.19556584357117515
24,J. Zirkzee,74.52367810530319,2.7764156274234213,0.11927516077991336
24,Antony,74.33543986627414,2.35882006909871,0.15008833638364144
24,B. Fernandes,81.15112322627438,5.473241994183629,0.4528466659767705
24,C. Eriksen,88.74723408275682,5.45458825511158,0.36101352228503825
24,K. Mainoo,89.29483818442793,4.1495851573850375,0.2874544237042377
24,M. Ugarte,88.17955133238756,3.4143418259709732,0.05762928821431337
24,Casemiro,86.75365343532843,2.7089428004347993,0.1602183862339058
24,L. Martinez,94.3994564949615,5.660416295118835,0.16238246464957107
24,D. Dalot,74.1998939693935,4.575304810098622,0.2510615741494495
24,M. de Ligt,86.13057617739179,3.874128617573349,0.1427078716875143
24,N. Mazraoui,82.47701318295225,3.2646554477660397,0.23968317012312995
24,H. Maguire,88.05034876212318,3.1022174031087086,0.08257315177041782
24,L. Shaw,90.46590366212352,3.6545094604769695,0.15973470823160657
24,J. Evans,81.42349805261894,3.5110085672251055,0.04334404300871775
24,A. Onana,70.0,5.692236667019665,0.0
25,M. Rashford,77.1594488753142,2.305402700693773,0.3997080210357387
25,A. Garnacho,79.51590390620889,2.0489193002171464,0.4256644265059053
25,T. Højlund,85.27405867457387,3.8348837087111036,0.08052199611528482
25,A. Diallo,82.01357016372081,2.6447931609500688,0.26444929581902465
25,J. Zirkzee,83.04529327124624,2.677317267408327,0.26027378491577446
25,Antony,86.29207890085942,1.2205166585291023,0.13045811442166522
25,B. Fernandes,90.10420973756644,4.8290043143042265,0.4927512492014063
25,C. Eriksen,90.16687172444963,4.121630799037484,0.3876355611950134
25,K. Mainoo,90.21811833688724,3.5174105442040045,0.32076777153812996
25,M. Ugarte,88.57368908333866,3.551899142822789,0.1330172006306228
25,Casemiro,88.36554974118515,3.472844547284681,0.10067851780562141
25,L. Martinez,94.61413366628761,6.376484341471796,0.13517108267298805
25,D. Dalot,85.39290334753687,3.2708290206817523,0.22844231264289477
25,M. de Ligt,91.86049802652131,3.6462921485027717,0.04542512770646105
25,N. Mazraoui,88.25294320055949,4.187664910851638,0.25072585370662615
25,H. Maguire,84.60093909260694,2.3780794867665134,0.0
25,L. Shaw,87.15118831522028,3.8888472093100943,0.1915001966901271
25,J. Evans,79.31553334300042,2.226327503515487,0.03207133100569857
25,A. Onana,76.78011786334227,4.165546168135007,0.002350108892828294
25,M. Rashford,70.0,2.0811364977751343,0.19277856829045928
25,A. Garnacho,71.3925112529648,0.7284801048395333,0.26201851637737683
25,T. Højlund,81.30442935676696,3.6103007097935027,0.29305168319902486
25,A. Diallo,79.59920009827164,1.897567241894794,0.24162678764554635
25,J. Zirkzee,70.0,2.7516401504219434,0.08434719714996206
25,Antony,76.66156110224065,1.1702758352426792,0.09016170421023767
25,B. Fernandes,83.8577686343824,6.1433108111119985,0.3703378616941044
25,C. Eriksen,94.53022817391681,5.28849105727096,0.2845033363667693
25,K. Mainoo,86.67493258927009,4.236278378929751,0.1388163710327195
25,M. Ugarte,86.48446642339697,3.907094782710593,0.07275514082629472
25,Casemiro,74.8792406127857,3.1685573296535186,0.16880527581277455
25,L. Martinez,97.38756686213888,6.462797594380381,0.19157246385290433
25,D. Dalot,81.13397191852779,3.177677047903969,0.16057670059352225
25,M. de Ligt,94.7515550740328,3.6356041509024175,0.03283080103124909
25,N. Mazraoui,83.30064721490048,5.042481953743804,0.24689794576810317
25,H. Maguire,89.07512093379253,3.0045728737599693,0.04678122443735475
25,L. Shaw,79.03342980231683,4.986160655670965,0.12561102243660324
25,J. Evans,77.36710225505051,1.8416184834202936,0.0
25,A. Onana,70.0,4.13527484359451,0.0
26,M. Rashford,76.30692482029968,2.6000003470681845,0.266756860346874
26,A. Garnacho,76.98216570805546,2.530775491383335,0.37684018177433015
26,T. Højlund,82.22832443700959,3.3616852248918496,0.2659862604180355
26,A. Diallo,83.97643052381343,2.181271423235441,0.346193832559402
26,J. Zirkzee,77.09083140065431,3.2088157062657685,0.19293036538508837
26,Antony,78.76876611544446,0.9968485209316614,0.09366595388582712
26,B. Fernandes,92.53926934538364,5.837388301493437,0.4511346126485602
26,C. Eriksen,95.03354681420593,3.5477837888387587,0.32726911346714
26,K. Mainoo,87.5757642685164,3.4541899498108997,0.22917468126052015
26,M. Ugarte,88.42888177412445,3.575315636995824,0.08263354907968126
26,Casemiro,79.54707506670012,1.9275799084189604,0.09615674110714123
26,L. Martinez,97.23074634421421,4.851497094364859,0.14751349119241847
26,D. Dalot,83.9950085739303,5.033002666925069,0.23374890941435683
26,M. de Ligt,94.53195593896372,3.8847542840524776,0.0
26,N. Mazraoui,91.57282886652695,4.029237903273772,0.23241343198372946
26,H. Maguire,98.0,1.849532236300847,0.13223483248805543
26,L. Shaw,87.95020992239857,4.272397342641805,0.22772438773493786
26,J. Evans,82.80305466640783,2.1581002430567446,0.03947543677865045
26,A. Onana,70.0,4.950347500513059,0.0021902797557373024
26,M. Rashford,70.0,1.829992285202512,0.2980574608431287
26,A. Garnacho,70.0,2.015072170925772,0.24345218621422632
26,T. Højlund,83.13168739969447,3.9113046432741223,0.25083044166482055
26,A. Diallo,77.49774421800313,2.901192882854744,0.2513033769769472
26,J. Zirkzee,80.68348712745205,2.3687005674347614,0.16325026564386405
26,Antony,72.22121081553327,1.4614870937349014,0.10058762422241864
26,B. Fernandes,87.40896158570672,5.030262574126825,0.3971356591585263
26,C. Eriksen,93.51247223024875,5.391269811369131,0.3038577296248448
26,K. Mainoo,83.37784189590452,3.4664555030630053,0.28296502791188766
26,M. Ugarte,91.10418717011918,4.283602405450589,0.045000968701538524
26,Casemiro,79.58180537855861,2.21630950248474,0.06397644469695635
26,L. Martinez,96.38628204231779,6.220102772463081,0.1760239897600412
26,D. Dalot,81.83798757600874,4.394434216932937,0.14941543050921663
26,M. de Ligt,88.8408377985356,2.005318417459566,0.03565519209190075
26,N. Mazraoui,77.97810702513944,4.62359670992809,0.20447036763822557
26,H. Maguire,82.06668392786433,4.012603736295628,0.0
26,L. Shaw,92.08945279166223,4.65931493855623,0.1721722356390527
26,J. Evans,81.04248058873178,1.8362238925530194,0.0
26,A. Onana,70.0,4.182613375161591,0.0
27,M. Rashford,83.3923322683813,1.9446873597781011,0.339625248417844
27,A. Garnacho,73.81859453434527,0.7076380196708898,0.4160028679195711
27,T. Højlund,77.45098009832088,3.4588195723487187,0.13858424805835945
27,A. Diallo,91.14910399692323,3.046817633304833,0.327287689563574
27,J. Zirkzee,86.55482671061867,2.292210413520558,0.19967396893350464
27,Antony,80.79924173487485,1.6584120488002019,0.2016176750053384
27,B. Fernandes,93.32996841111921,5.273234197695014,0.4002556281885851
27,C. Eriksen,89.35981481888214,4.7263746398425655,0.36116861871383255
27,K. Mainoo,83.17918510130431,5.447006005347053,0.3518197027626786
27,M. Ugarte,93.50847328156993,3.443222116770247,0.08138955150494241
27,Casemiro,84.69232615991106,3.246488311111318,0.13938762700713753
27,L. Martinez,90.43295769807351,6.700505850346938,0.16473704755876256
27,D. Dalot,78.46876976849043,3.683768993532299,0.2323197233289178
27,M. de Ligt,98.0,4.133931874720255,0.0
27,N. Mazraoui,90.44414515767055,2.971617606636981,0.26113455269435365
27,H. Maguire,85.31550139272849,3.0438182867564976,0.1122898323771095
27,L. Shaw,83.95134572566299,3.261729088932205,0.20082003368269974
27,J. Evans,88.65351540407727,1.5883923547138945,0.0
27,A. Onana,72.59536456636401,4.831044479946552,0.08301308748694147
27,M. Rashford,70.64735455165841,1.8531440357303985,0.2928950367127874
27,A. Garnacho,70.0,1.5668875348901945,0.28952119449625285
27,T. Højlund,81.89687488514014,3.1941159840854705,0.16012205058529205
27,A. Diallo,70.0,2.105050952599691,0.2690754356277234
27,J. Zirkzee,71.57082386298129,2.8353905329537583,0.1483436250401349
27,Antony,71.62980319656894,1.6022782625979426,0.047863371735769385
27,B. Fernandes,85.57355488121581,5.466129701753533,0.3942486480484217
27,C. Eriksen,84.85387492174426,4.9345298425744755,0.29613048953183085
27,K. Mainoo,77.00023488569009,4.695444438973539,0.21838726306594639
27,M. Ugarte,89.30195973296091,4.118348154187137,0.0066163151384767
27,Casemiro,77.66223599028982,3.0268707824745773,0.04441232394377857
27,L. Martinez,98.0,5.985936743703924,0.11622266102565666
27,D. Dalot,83.4175561264119,3.4787102843543467,0.1870159644121868
27,M. de Ligt,89.7698130450007,3.600283757370493,0.040330657055002585
27,N. Mazraoui,82.38267155020651,2.9913178144915396,0.18167966056696191
27,H. Maguire,87.21973228658896,3.111040978470063,0.043263205862377474
27,L. Shaw,87.87089102046743,3.3384017020719803,0.2691257329064803
27,J. Evans,77.3093151856912,3.4791141394534653,0.0
27,A. Onana,76.1722476902313,4.96509329642087,0.044852004292617924
28,M. Rashford,79.43609781741259,1.9508828291553304,0.3820265829236936
28,A. Garnacho,76.66143947939219,0.6197581778477088,0.34664067691464984
28,T. Højlund,84.356616991229,3.685999389899333,0.2041705755550052
28,A. Diallo,88.07588315917465,1.3293388815768252,0.32917939682525804
28,J. Zirkzee,74.22808309845138,3.255827377290501,0.16777706427789985
28,Antony,81.67843988809648,0.9816702236461403,0.20197324658288754
28,B. Fernandes,94.56689865623541,5.450126581807132,0.4765241376568279
28,C. Eriksen,95.51942914118054,4.37586445920759,0.3992777829510356
28,K. Mainoo,94.29792357729569,4.642366335987512,0.2395198765096295
28,M. Ugarte,92.5456692690924,2.6241150737448113,0.12061951555878378
28,Casemiro,90.30241365145015,2.0781101962807016,0.0684108078043818
28,L. Martinez,94.26744441302493,6.319484151715504,0.11202615322905972
28,D. Dalot,87.65591491740872,4.350884165364308,0.24328654340107403
28,M. de Ligt,89.97683399936655,4.429224275849938,0.14027035565441476
28,N. Mazraoui,86.56575406461386,3.5326998497071074,0.2315603832705998
28,H. Maguire,85.76788248101205,3.01636167960206,0.08298265758623358
28,L. Shaw,81.46257564997082,4.890981394911601,0.23363402621646706
28,J. Evans,82.85402742175128,2.4464595074671305,0.021121467751025937
28,A. Onana,70.0,5.396962936471941,0.025066281613530923
28,M. Rashford,74.2720085217895,2.6709298623444258,0.18414187712198501
28,A. Garnacho,70.99388759614091,1.6394153454607239,0.32233853876082463
28,T. Højlund,71.59109031859401,3.4405434198552385,0.1282589672108019
28,A. Diallo,79.92905180253662,2.7820265124209214,0.2110187052588987
28,J. Zirkzee,72.65130454329582,2.7336007788656023,0.0811678886342396
28,Antony,76.36793478180851,1.2784756797315322,0.0
28,B. Fernandes,84.90071177351278,4.476873707493616,0.3048362092269527
28,C. Eriksen,82.25029344710971,4.865645083099782,0.3268320414124115
28,K. Mainoo,86.45273789545992,3.6360979670705564,0.2579952097585351
28,M. Ugarte,85.76363875912402,2.983239778502113,0.017481866588350783
28,Casemiro,73.49268477299313,2.966045776064333,0.09150267449600659
28,L. Martinez,92.01350531994045,6.250419843231585,0.09671269696516094
28,D. Dalot,85.03298476673987,3.409720848032049,0.24560139569217376
28,M. de Ligt,84.4911319242931,3.3485388575881787,0.0
28,N. Mazraoui,82.49439141245745,4.4851874750867875,0.1913814044221978
28,H. Maguire,84.11368844811214,3.4132855275603617,0.0
28,L. Shaw,83.77684310268977,3.631880522529522,0.250528745201952
28,J. Evans,71.71284541429475,3.0362186136334666,0.05984769350543846
28,A. Onana,76.21848080686435,4.2541880444223015,0.052816107979008105
29,M. Rashford,87.62660734615537,1.729414993839782,0.245247987623382
29,A. Garnacho,70.0,2.227627217316799,0.3083424895970708
29,T. Højlund,83.61072378824831,3.7623879122233763,0.2162587768414957
29,A. Diallo,84.90177945673669,2.6333739134805123,0.3859432906656697
29,J. Zirkzee,77.69073447704481,2.393802916924881,0.13386702773645878
29,Antony,83.32076724745045,2.0402391530370383,0.1605612659659254
29,B. Fernandes,95.13397466755971,4.393175479574171,0.5663612055775568
29,C. Eriksen,98.0,5.241373198347448,0.445589945438553
29,K. Mainoo,81.0735071692889,3.685331118242409,0.23923482696590234
29,M. Ugarte,93.98591729502937,2.7699155562387126,0.12987475746687427
29,Casemiro,93.98214457598685,3.6171217400503997,0.14068755118307505
29,L. Martinez,91.44850663639701,5.991889420324782,0.23498094526483332
29,D. Dalot,89.21739601562132,4.176588288373473,0.23210452271170548
29,M. de Ligt,84.8967685075545,3.1574885487893365,0.15307095435698617
29,N. Mazraoui,83.37817771599013,4.013687892732649,0.2573721986597599
29,H. Maguire,82.18030932799083,3.21082628486865,0.09289577687553276
29,L. Shaw,89.14999728762899,5.821041833400061,0.14657003705609023
29,J. Evans,88.73491411953552,2.3963189575621215,0.061596007741833755
29,A. Onana,76.16522860679699,4.060106281734002,0.03444981962296701
29,M. Rashford,70.0,2.4619485003428365,0.2501079232995263
29,A. Garnacho,71.6546406745724,2.43487099505229,0.2983809920104855
29,T. Højlund,80.6923576791931,2.9713589980032244,0.12278896181754743
29,A. Diallo,82.94693848070932,3.361801243423587,0.2344944781843973
29,J. Zirkzee,75.6840109890131,2.25723137500374,0.18463784226337224
29,Antony,75.66166729476711,2.6647304618782495,0.05208384614101305
29,B. Fernandes,84.88796840392713,5.238867553515343,0.4187244768862885
29,C. Eriksen,86.33732944980947,4.27622334572778,0.3044703764461785
29,K. Mainoo,88.08454145018233,3.450235539661765,0.3029721400552748
29,M. Ugarte,92.28079483678641,3.4805778983486757,0.07917989311880182
29,Casemiro,82.71623108446363,2.6829781578462453,0.0851015739582041
29,L. Martinez,83.79046582156329,7.025873387301761,0.06592533887790701
29,D. Dalot,88.61367931371599,4.00192794362013,0.19621665090344115
29,M. de Ligt,85.98906437566198,3.627176675646754,0.11592656725740183
29,N. Mazraoui,74.54876537385968,4.6661792316529125,0.1825011740550854
29,H. Maguire,75.37191340857115,2.4548125641704575,0.11581965136041016
29,L. Shaw,81.31797248022907,3.407989693642424,0.24086572711823645
29,J. Evans,77.85421150514365,1.9372446540781607,0.026031248770230952
29,A. Onana,70.0,5.160492839053563,0.07026854824365668
30,M. Rashford,80.62802479528777,2.31699663674821,0.4100594062433687
30,A. Garnacho,76.0987453095529,1.0908755247475193,0.4249736956416153
30,T. Højlund,93.44418819814845,2.8911443040884888,0.1889268616653007
30,A. Diallo,84.86578415240581,2.4676570905965565,0.27288482098113426
30,J. Zirkzee,85.98743142492188,4.192024433210356,0.18230657295119534
30,Antony,76.383726841056,0.570623684967915,0.15089879906105902
30,B. Fernandes,94.81550937326503,5.385100647897229,0.4828798079540572
30,C. Eriksen,90.84291339284277,4.144701820369146,0.3982375663162441
30,K. Mainoo,91.35508648554234,3.0725621279855604,0.3554919489090342
30,M. Ugarte,93.396284883576,4.239756787087476,0.02489361257574424
30,Casemiro,83.03670337833825,3.110618414139622,0.1516392213447597
30,L. Martinez,98.0,6.923647348289079,0.16036593615939831
30,D. Dalot,81.99452316933643,4.93800034363149,0.20476472871246426
30,M. de Ligt,98.0,3.6293692102360944,0.13702910363089252
30,N. Mazraoui,91.21572516023711,3.817802706334525,0.18103018140869365
30,H. Maguire,85.83636849061568,3.3569900154251426,0.04985782481088584
30,L. Shaw,86.72475436772517,4.00062115380942,0.23392885148595746
30,J. Evans,75.98506362234075,2.7749008688732193,0.0
30,A. Onana,70.0,3.487593391733574,0.0
30,M. Rashford,70.0,1.674587425421706,0.33286295687632844
30,A. Garnacho,70.0,1.9066500637608188,0.3000240693253164
30,T. Højlund,80.62426074486339,3.453533923564404,0.09863531182003775
30,A. Diallo,84.00371019311685,3.584317986182731,0.1622670652938657
30,J. Zirkzee,71.40388563645448,2.632113794573796,0.07777311025449044
30,Antony,75.02386221382346,1.0630366785560321,0.20425280339033014
30,B. Fernandes,91.16219437737439,5.2275444183793285,0.4377493131659866
30,C. Eriksen,91.62360169742924,4.461631507165054,0.21958913777290173
30,K. Mainoo,85.5125722518786,4.5169816746987665,0.24215301993267088
30,M. Ugarte,81.29201407123601,2.9183053336294944,0.0715013568202811
30,Casemiro,80.19733758269668,4.383525306073885,0.014300602880050084
30,L. Martinez,94.4223569673435,7.393467864996974,0.2575724872711398
30,D. Dalot,80.98241030726415,4.49485767163212,0.23528801785993234
30,M. de Ligt,89.28192692621316,3.7406928792564162,0.0667987694750023
30,N. Mazraoui,74.37101565912126,4.309241694037579,0.17190889518309835
30,H. Maguire,79.31010041288694,4.328117317431735,0.0
30,L. Shaw,83.48769604373987,5.29493198132284,0.14239693475750717
30,J. Evans,74.29953886825385,2.41178474594149,0.05723672410647747
30,A. Onana,70.0,3.7244247917086426,0.0
31,M. Rashford,76.07058226715115,2.053667372866173,0.34329218293149144
31,A. Garnacho,77.77282302355188,0.7343929475709587,0.4556970493780428
31,T. Højlund,86.11027538398649,4.330719228556344,0.22920991636453358
31,A. Diallo,87.60529183094305,2.779927186870076,0.3893112878101374
31,J. Zirkzee,83.58900254407112,2.7412508521342573,0.2861217360223441
31,Antony,83.55614848911956,1.844246652602648,0.07418477917308318
31,B. Fernandes,85.24676953014585,5.275629289285112,0.49027605988841194
31,C. Eriksen,90.74350973996674,4.884589619767236,0.4359313464021798
31,K. Mainoo,90.4816098982012,3.315394894148357,0.2704245586428528
31,M. Ugarte,87.88013407658975,3.167380050154863,0.07131921671851786
31,Casemiro,86.58941766958398,2.4469187768159633,0.1201172659240905
31,L. Martinez,93.15756945261077,4.742330785998639,0.2751486012250831
31,D. Dalot,90.45507861686669,3.9742195650450025,0.2539409524870299
31,M. de Ligt,88.31338261072975,4.817433726686519,0.15236443473865557
31,N. Mazraoui,89.1267749129861,4.514118386511207,0.2157643389466962
31,H. Maguire,81.85309824449628,2.8529059786218056,0.052596398338597854
31,L. Shaw,87.28180912502621,3.968808033538978,0.22543002212454427
31,J. Evans,84.17648600853815,2.53135509429849,0.0
31,A. Onana,71.53193540348826,3.7292494405800185,0.07189077748431003
31,M. Rashford,70.0,2.792154205990155,0.3045174698631422
31,A. Garnacho,70.0,0.2381177473036209,0.26193447190163544
31,T. Højlund,79.84326335484472,2.893641068042652,0.13263908030958785
31,A. Diallo,84.3207807954534,2.8989562973810448,0.200171794281095
31,J. Zirkzee,70.0,2.6037896094341373,0.11532716103247809
31,Antony,74.98479674945327,1.1788099724594046,0.12157497876809308
31,B. Fernandes,94.14061616024092,5.589300613466557,0.38399557463346135
31,C. Eriksen,86.46739811578682,4.585996119492077,0.3194320456226072
31,K. Mainoo,82.6907462161948,4.02713362539999,0.23775989509405426
31,M. Ugarte,85.59286322875387,2.5765206712695394,0.09134872518088341
31,Casemiro,80.25598411257846,3.500144281661942,0.056919984678041644
31,L. Martinez,97.28328519525219,5.973935731272893,0.22960201420089463
31,D. Dalot,75.60945396068695,4.460862038734135,0.23057153412633116
31,M. de Ligt,85.31777172823647,4.054636362716607,0.10897593348800794
31,N. Mazraoui,75.63272464258374,4.2016468844944885,0.04093645898349611
31,H. Maguire,76.33734078590717,4.077499818940567,0.0029108983303972984
31,L. Shaw,80.40448014236411,3.9812373626091904,0.2873953169081776
31,J. Evans,70.0,1.8692140530163934,0.09007158415898132
31,A. Onana,76.33080937415093,4.437941265425829,0.0
32,M. Rashford,86.88337400723664,3.056665435049518,0.3559473493881117
32,A. Garnacho,72.85039060425031,1.770582395497178,0.39448199594775846
32,T. Højlund,86.4234052184623,4.370600862878802,0.25097085205687014
32,A. Diallo,78.89049569206097,3.3258978700117225,0.33765660700065775
32,J. Zirkzee,84.24826318343567,3.6799245155671616,0.11692098752432242
32,Antony,79.85669768517415,1.181127269184471,0.059607028731727185
32,B. Fernandes,91.78683991041969,6.606933930950654,0.3909961127747123
32,C. Eriksen,93.07087755580213,5.184325761044864,0.36265391008280906
32,K. Mainoo,87.24748778993704,3.2204701819325052,0.2876393371470082
32,M. Ugarte,88.0729440919363,2.086046977012868,0.15172961102568655
32,Casemiro,92.33354327936817,3.230996586110648,0.13795373441028513
32,L. Martinez,98.0,6.63460379406685,0.2177008777380657
32,D. Dalot,84.91007119650459,4.987190243144368,0.2690392862966342
32,M. de Ligt,93.7762077744235,3.0379633467727807,0.07184779271508543
32,N. Mazraoui,85.1721803300222,3.5170303640829035,0.16623121858419393
32,H. Maguire,82.9350602724031,4.374862841810177,0.11256695309942016
32,L. Shaw,96.78147000857705,3.3662629882666613,0.2335626874955446
32,J. Evans,79.32596949918361,2.0825830736817617,0.0
32,A. Onana,79.35833602576625,4.262262193138944,0.07641896668470083
32,M. Rashford,74.91648355835407,3.4821832512628736,0.1612277888430138
32,A. Garnacho,74.13693295914719,2.4878645222404367,0.23133105809864823
32,T. Højlund,84.12853334589263,3.7016869778157373,0.14702618700232958
32,A. Diallo,74.904258052112,2.0685343291304883,0.34889060478929634
32,J. Zirkzee,75.50273127582993,3.2692780009188755,0.08645503091662235
32,Antony,70.0,2.1491908855499653,0.02852118942242339
32,B. Fernandes,84.73914492837892,5.120416446643339,0.3919686300920026
32,C. Eriksen,86.48362685993538,5.037491868657554,0.29504278779089055
32,K. Mainoo,88.13855018183732,3.408517714799304,0.22099224510356014
32,M. Ugarte,92.37905144750775,3.9367883125443233,0.006557027425946799
32,Casemiro,81.90591960140881,2.0130648503751143,0.08594674510301847
32,L. Martinez,98.0,5.931264369638608,0.10228384772542087
32,D. Dalot,85.65611912629143,3.274319090874213,0.17516224850574802
32,M. de Ligt,90.88576455032701,3.419428491386358,0.03320150063945142
32,N. Mazraoui,87.47674284126013,4.152927650121937,0.1789409198147701
32,H. Maguire,78.84351088291984,3.322036669161373,0.025813365995012168
32,L. Shaw,86.93122243970313,3.8018407849292126,0.17487155128102294
32,J. Evans,72.54016882979194,2.4789954339962583,0.0
32,A. Onana,70.0,4.655196688713233,0.027836988792883016
